elapsed_seconds,distance_bin_lower_bps,distance_bin_upper_bps,up_count,sample_count,p_up_smoothed
60,-165.0,-164.0,0,1,0.47619047619047616
60,-140.0,-139.0,0,1,0.47619047619047616
60,-132.0,-131.0,1,2,0.5
60,-124.0,-123.0,1,1,0.5238095238095238
60,-120.0,-119.0,0,1,0.47619047619047616
60,-112.0,-111.0,0,1,0.47619047619047616
60,-100.0,-99.0,0,1,0.47619047619047616
60,-99.0,-98.0,0,1,0.47619047619047616
60,-98.0,-97.0,0,1,0.47619047619047616
60,-94.0,-93.0,0,1,0.47619047619047616
60,-87.0,-86.0,0,2,0.45454545454545453
60,-82.0,-81.0,0,1,0.47619047619047616
60,-81.0,-80.0,0,1,0.47619047619047616
60,-79.0,-78.0,0,1,0.47619047619047616
60,-76.0,-75.0,0,1,0.47619047619047616
60,-68.0,-67.0,1,3,0.4782608695652174
60,-65.0,-64.0,0,1,0.47619047619047616
60,-64.0,-63.0,0,2,0.45454545454545453
60,-62.0,-61.0,1,1,0.5238095238095238
60,-61.0,-60.0,0,2,0.45454545454545453
60,-60.0,-59.0,0,1,0.47619047619047616
60,-59.0,-58.0,0,2,0.45454545454545453
60,-56.0,-55.0,0,2,0.45454545454545453
60,-54.0,-53.0,0,1,0.47619047619047616
60,-53.0,-52.0,0,3,0.43478260869565216
60,-52.0,-51.0,1,2,0.5
60,-51.0,-50.0,1,2,0.5
60,-50.0,-49.0,0,2,0.45454545454545453
60,-49.0,-48.0,0,1,0.47619047619047616
60,-48.0,-47.0,0,3,0.43478260869565216
60,-47.0,-46.0,1,5,0.44
60,-46.0,-45.0,0,3,0.43478260869565216
60,-45.0,-44.0,0,3,0.43478260869565216
60,-44.0,-43.0,0,4,0.4166666666666667
60,-43.0,-42.0,1,13,0.3333333333333333
60,-42.0,-41.0,1,3,0.4782608695652174
60,-41.0,-40.0,1,6,0.4230769230769231
60,-40.0,-39.0,2,11,0.3870967741935484
60,-39.0,-38.0,0,9,0.3448275862068966
60,-38.0,-37.0,2,14,0.35294117647058826
60,-37.0,-36.0,1,8,0.39285714285714285
60,-36.0,-35.0,2,14,0.35294117647058826
60,-35.0,-34.0,1,12,0.34375
60,-34.0,-33.0,2,13,0.36363636363636365
60,-33.0,-32.0,2,16,0.3333333333333333
60,-32.0,-31.0,3,21,0.3170731707317073
60,-31.0,-30.0,2,20,0.3
60,-30.0,-29.0,8,29,0.3673469387755102
60,-29.0,-28.0,2,28,0.25
60,-28.0,-27.0,8,38,0.3103448275862069
60,-27.0,-26.0,6,40,0.26666666666666666
60,-26.0,-25.0,5,53,0.2054794520547945
60,-25.0,-24.0,11,57,0.2727272727272727
60,-24.0,-23.0,11,61,0.25925925925925924
60,-23.0,-22.0,11,78,0.21428571428571427
60,-22.0,-21.0,10,83,0.1941747572815534
60,-21.0,-20.0,27,120,0.2642857142857143
60,-20.0,-19.0,31,149,0.24260355029585798
60,-19.0,-18.0,26,157,0.2033898305084746
60,-18.0,-17.0,30,212,0.1724137931034483
60,-17.0,-16.0,54,265,0.22456140350877193
60,-16.0,-15.0,57,357,0.17771883289124668
60,-15.0,-14.0,64,332,0.21022727272727273
60,-14.0,-13.0,78,411,0.20417633410672853
60,-13.0,-12.0,105,548,0.20246478873239437
60,-12.0,-11.0,131,695,0.1972027972027972
60,-11.0,-10.0,169,851,0.20551090700344432
60,-10.0,-9.0,266,1135,0.23896103896103896
60,-9.0,-8.0,353,1399,0.2558139534883721
60,-8.0,-7.0,454,1872,0.2452431289640592
60,-7.0,-6.0,623,2336,0.26867572156196945
60,-6.0,-5.0,862,3182,0.2723297938788257
60,-5.0,-4.0,1242,4192,0.2972459639126306
60,-4.0,-3.0,1730,5387,0.321805067505086
60,-3.0,-2.0,2530,7007,0.36146292870357194
60,-2.0,-1.0,3392,8649,0.3924328065520821
60,-1.0,0.0,4900,10911,0.44918122770103375
60,0.0,1.0,7524,13825,0.5441675695196821
60,1.0,2.0,5233,8655,0.6043804034582133
60,2.0,3.0,4631,7160,0.6463788300835654
60,3.0,4.0,3697,5465,0.6758432087511395
60,4.0,5.0,2970,4165,0.7120669056152927
60,5.0,6.0,2275,3214,0.7065553494124923
60,6.0,7.0,1810,2410,0.7489711934156379
60,7.0,8.0,1373,1803,0.7586396050466264
60,8.0,9.0,1083,1410,0.7643356643356644
60,9.0,10.0,844,1088,0.7707581227436823
60,10.0,11.0,653,862,0.7517006802721088
60,11.0,12.0,510,662,0.7624633431085044
60,12.0,13.0,417,518,0.7936802973977695
60,13.0,14.0,360,454,0.7805907172995781
60,14.0,15.0,300,362,0.8115183246073299
60,15.0,16.0,237,278,0.8288590604026845
60,16.0,17.0,162,216,0.7288135593220338
60,17.0,18.0,162,196,0.7962962962962963
60,18.0,19.0,129,149,0.8224852071005917
60,19.0,20.0,121,136,0.8397435897435898
60,20.0,21.0,114,130,0.8266666666666667
60,21.0,22.0,85,95,0.8260869565217391
60,22.0,23.0,81,101,0.7520661157024794
60,23.0,24.0,59,73,0.7419354838709677
60,24.0,25.0,45,56,0.7236842105263158
60,25.0,26.0,44,55,0.72
60,26.0,27.0,46,58,0.717948717948718
60,27.0,28.0,38,44,0.75
60,28.0,29.0,18,20,0.7
60,29.0,30.0,26,29,0.7346938775510204
60,30.0,31.0,26,28,0.75
60,31.0,32.0,20,25,0.6666666666666666
60,32.0,33.0,25,28,0.7291666666666666
60,33.0,34.0,15,18,0.6578947368421053
60,34.0,35.0,15,19,0.6410256410256411
60,35.0,36.0,13,14,0.6764705882352942
60,36.0,37.0,15,19,0.6410256410256411
60,37.0,38.0,13,17,0.6216216216216216
60,38.0,39.0,13,13,0.696969696969697
60,39.0,40.0,12,12,0.6875
60,40.0,41.0,7,8,0.6071428571428571
60,41.0,42.0,2,2,0.5454545454545454
60,42.0,43.0,7,7,0.6296296296296297
60,43.0,44.0,6,7,0.5925925925925926
60,44.0,45.0,3,4,0.5416666666666666
60,45.0,46.0,4,4,0.5833333333333334
60,46.0,47.0,2,3,0.5217391304347826
60,47.0,48.0,0,1,0.47619047619047616
60,48.0,49.0,2,2,0.5454545454545454
60,49.0,50.0,2,2,0.5454545454545454
60,50.0,51.0,3,3,0.5652173913043478
60,51.0,52.0,1,1,0.5238095238095238
60,52.0,53.0,3,3,0.5652173913043478
60,53.0,54.0,3,3,0.5652173913043478
60,54.0,55.0,3,3,0.5652173913043478
60,55.0,56.0,0,2,0.45454545454545453
60,56.0,57.0,2,2,0.5454545454545454
60,58.0,59.0,4,4,0.5833333333333334
60,59.0,60.0,1,1,0.5238095238095238
60,61.0,62.0,2,2,0.5454545454545454
60,62.0,63.0,1,1,0.5238095238095238
60,63.0,64.0,2,2,0.5454545454545454
60,64.0,65.0,3,3,0.5652173913043478
60,65.0,66.0,1,1,0.5238095238095238
60,67.0,68.0,3,3,0.5652173913043478
60,69.0,70.0,1,1,0.5238095238095238
60,70.0,71.0,1,1,0.5238095238095238
60,71.0,72.0,1,1,0.5238095238095238
60,74.0,75.0,1,1,0.5238095238095238
60,77.0,78.0,1,1,0.5238095238095238
60,80.0,81.0,1,1,0.5238095238095238
60,81.0,82.0,1,1,0.5238095238095238
60,85.0,86.0,1,1,0.5238095238095238
60,86.0,87.0,2,2,0.5454545454545454
60,88.0,89.0,2,2,0.5454545454545454
60,89.0,90.0,2,2,0.5454545454545454
60,90.0,91.0,1,1,0.5238095238095238
60,91.0,92.0,1,1,0.5238095238095238
60,94.0,95.0,1,1,0.5238095238095238
60,97.0,98.0,1,1,0.5238095238095238
60,103.0,104.0,1,1,0.5238095238095238
60,105.0,106.0,0,1,0.47619047619047616
60,106.0,107.0,1,1,0.5238095238095238
60,117.0,118.0,1,1,0.5238095238095238
120,-291.0,-290.0,0,1,0.47619047619047616
120,-218.0,-217.0,0,1,0.47619047619047616
120,-153.0,-152.0,1,2,0.5
120,-145.0,-144.0,0,1,0.47619047619047616
120,-125.0,-124.0,0,1,0.47619047619047616
120,-124.0,-123.0,0,1,0.47619047619047616
120,-119.0,-118.0,0,1,0.47619047619047616
120,-116.0,-115.0,0,3,0.43478260869565216
120,-115.0,-114.0,1,1,0.5238095238095238
120,-112.0,-111.0,0,1,0.47619047619047616
120,-110.0,-109.0,0,1,0.47619047619047616
120,-102.0,-101.0,0,1,0.47619047619047616
120,-101.0,-100.0,0,1,0.47619047619047616
120,-100.0,-99.0,0,1,0.47619047619047616
120,-98.0,-97.0,0,1,0.47619047619047616
120,-97.0,-96.0,0,1,0.47619047619047616
120,-94.0,-93.0,0,2,0.45454545454545453
120,-91.0,-90.0,0,1,0.47619047619047616
120,-87.0,-86.0,0,1,0.47619047619047616
120,-86.0,-85.0,0,3,0.43478260869565216
120,-83.0,-82.0,0,1,0.47619047619047616
120,-81.0,-80.0,0,1,0.47619047619047616
120,-79.0,-78.0,0,1,0.47619047619047616
120,-76.0,-75.0,1,1,0.5238095238095238
120,-75.0,-74.0,0,3,0.43478260869565216
120,-73.0,-72.0,1,4,0.4583333333333333
120,-72.0,-71.0,0,3,0.43478260869565216
120,-71.0,-70.0,0,1,0.47619047619047616
120,-70.0,-69.0,0,3,0.43478260869565216
120,-69.0,-68.0,0,1,0.47619047619047616
120,-68.0,-67.0,0,7,0.37037037037037035
120,-67.0,-66.0,0,2,0.45454545454545453
120,-66.0,-65.0,0,1,0.47619047619047616
120,-65.0,-64.0,0,1,0.47619047619047616
120,-64.0,-63.0,0,5,0.4
120,-63.0,-62.0,0,3,0.43478260869565216
120,-62.0,-61.0,1,4,0.4583333333333333
120,-61.0,-60.0,0,4,0.4166666666666667
120,-60.0,-59.0,1,5,0.44
120,-59.0,-58.0,0,5,0.4
120,-58.0,-57.0,0,4,0.4166666666666667
120,-57.0,-56.0,1,4,0.4583333333333333
120,-56.0,-55.0,0,5,0.4
120,-55.0,-54.0,0,5,0.4
120,-54.0,-53.0,0,3,0.43478260869565216
120,-53.0,-52.0,0,7,0.37037037037037035
120,-52.0,-51.0,0,3,0.43478260869565216
120,-51.0,-50.0,1,9,0.3793103448275862
120,-50.0,-49.0,1,9,0.3793103448275862
120,-49.0,-48.0,2,7,0.4444444444444444
120,-48.0,-47.0,0,3,0.43478260869565216
120,-47.0,-46.0,0,6,0.38461538461538464
120,-46.0,-45.0,1,14,0.3235294117647059
120,-45.0,-44.0,1,16,0.3055555555555556
120,-44.0,-43.0,1,21,0.2682926829268293
120,-43.0,-42.0,0,23,0.23255813953488372
120,-42.0,-41.0,0,15,0.2857142857142857
120,-41.0,-40.0,3,16,0.3611111111111111
120,-40.0,-39.0,2,23,0.27906976744186046
120,-39.0,-38.0,1,27,0.23404255319148937
120,-38.0,-37.0,1,30,0.22
120,-37.0,-36.0,4,31,0.27450980392156865
120,-36.0,-35.0,1,25,0.24444444444444444
120,-35.0,-34.0,5,50,0.21428571428571427
120,-34.0,-33.0,4,40,0.23333333333333334
120,-33.0,-32.0,6,53,0.2191780821917808
120,-32.0,-31.0,7,55,0.22666666666666666
120,-31.0,-30.0,4,75,0.14736842105263157
120,-30.0,-29.0,6,76,0.16666666666666666
120,-29.0,-28.0,6,76,0.16666666666666666
120,-28.0,-27.0,6,93,0.1415929203539823
120,-27.0,-26.0,8,120,0.12857142857142856
120,-26.0,-25.0,10,126,0.136986301369863
120,-25.0,-24.0,13,131,0.152317880794702
120,-24.0,-23.0,8,180,0.09
120,-23.0,-22.0,20,187,0.14492753623188406
120,-22.0,-21.0,21,231,0.12350597609561753
120,-21.0,-20.0,21,236,0.12109375
120,-20.0,-19.0,25,310,0.10606060606060606
120,-19.0,-18.0,21,312,0.09337349397590361
120,-18.0,-17.0,40,420,0.11363636363636363
120,-17.0,-16.0,59,482,0.13745019920318724
120,-16.0,-15.0,49,534,0.10649819494584838
120,-15.0,-14.0,68,614,0.12302839116719243
120,-14.0,-13.0,85,730,0.12666666666666668
120,-13.0,-12.0,110,884,0.13274336283185842
120,-12.0,-11.0,120,1062,0.12014787430683918
120,-11.0,-10.0,182,1306,0.14479638009049775
120,-10.0,-9.0,254,1714,0.1522491349480969
120,-9.0,-8.0,327,1918,0.173890608875129
120,-8.0,-7.0,442,2472,0.18138041733547353
120,-7.0,-6.0,605,3032,0.20150720838794234
120,-6.0,-5.0,730,3541,0.20780679584386408
120,-5.0,-4.0,1036,4340,0.23990825688073394
120,-4.0,-3.0,1504,5241,0.28777798897547996
120,-3.0,-2.0,1934,6088,0.3182711198428291
120,-2.0,-1.0,2548,6998,0.36449130806497576
120,-1.0,0.0,3551,8102,0.43843880817532627
120,0.0,1.0,5228,9162,0.5704639512088869
120,1.0,2.0,4390,6908,0.6351039260969977
120,2.0,3.0,4192,6044,0.6929419525065963
120,3.0,4.0,3840,5230,0.7333333333333333
120,4.0,5.0,3158,4189,0.7526728439059159
120,5.0,6.0,2796,3537,0.7888670227719988
120,6.0,7.0,2331,2891,0.8041909996564754
120,7.0,8.0,1905,2326,0.8162830349531117
120,8.0,9.0,1750,2046,0.8518877057115198
120,9.0,10.0,1345,1614,0.8292533659730722
120,10.0,11.0,1126,1297,0.8625664388762339
120,11.0,12.0,936,1079,0.8607825295723385
120,12.0,13.0,780,901,0.8577633007600435
120,13.0,14.0,675,768,0.8692893401015228
120,14.0,15.0,501,575,0.8588235294117647
120,15.0,16.0,454,504,0.8854961832061069
120,16.0,17.0,388,425,0.8943820224719101
120,17.0,18.0,331,368,0.8788659793814433
120,18.0,19.0,287,318,0.878698224852071
120,19.0,20.0,266,290,0.8903225806451613
120,20.0,21.0,220,250,0.8518518518518519
120,21.0,22.0,192,211,0.8744588744588745
120,22.0,23.0,160,175,0.8717948717948718
120,23.0,24.0,138,157,0.8361581920903954
120,24.0,25.0,132,144,0.8658536585365854
120,25.0,26.0,102,109,0.8682170542635659
120,26.0,27.0,99,105,0.872
120,27.0,28.0,100,109,0.8527131782945736
120,28.0,29.0,63,67,0.8390804597701149
120,29.0,30.0,69,75,0.8315789473684211
120,30.0,31.0,56,57,0.8571428571428571
120,31.0,32.0,55,57,0.8441558441558441
120,32.0,33.0,44,48,0.7941176470588235
120,33.0,34.0,46,49,0.8115942028985508
120,34.0,35.0,36,39,0.7796610169491526
120,35.0,36.0,50,50,0.8571428571428571
120,36.0,37.0,42,42,0.8387096774193549
120,37.0,38.0,28,30,0.76
120,38.0,39.0,20,21,0.7317073170731707
120,39.0,40.0,29,30,0.78
120,40.0,41.0,33,38,0.7413793103448276
120,41.0,42.0,13,14,0.6764705882352942
120,42.0,43.0,18,18,0.7368421052631579
120,43.0,44.0,15,15,0.7142857142857143
120,44.0,45.0,14,14,0.7058823529411765
120,45.0,46.0,20,22,0.7142857142857143
120,46.0,47.0,6,6,0.6153846153846154
120,47.0,48.0,15,15,0.7142857142857143
120,48.0,49.0,12,12,0.6875
120,49.0,50.0,6,7,0.5925925925925926
120,50.0,51.0,7,8,0.6071428571428571
120,51.0,52.0,15,16,0.6944444444444444
120,52.0,53.0,8,9,0.6206896551724138
120,53.0,54.0,6,6,0.6153846153846154
120,54.0,55.0,8,9,0.6206896551724138
120,55.0,56.0,5,5,0.6
120,56.0,57.0,3,3,0.5652173913043478
120,57.0,58.0,4,4,0.5833333333333334
120,58.0,59.0,3,3,0.5652173913043478
120,59.0,60.0,7,7,0.6296296296296297
120,60.0,61.0,2,2,0.5454545454545454
120,61.0,62.0,2,2,0.5454545454545454
120,62.0,63.0,3,3,0.5652173913043478
120,64.0,65.0,4,4,0.5833333333333334
120,65.0,66.0,5,5,0.6
120,66.0,67.0,6,6,0.6153846153846154
120,67.0,68.0,2,2,0.5454545454545454
120,68.0,69.0,5,5,0.6
120,69.0,70.0,1,1,0.5238095238095238
120,70.0,71.0,2,2,0.5454545454545454
120,71.0,72.0,5,5,0.6
120,72.0,73.0,2,2,0.5454545454545454
120,73.0,74.0,1,1,0.5238095238095238
120,74.0,75.0,2,2,0.5454545454545454
120,75.0,76.0,3,3,0.5652173913043478
120,76.0,77.0,2,2,0.5454545454545454
120,77.0,78.0,2,2,0.5454545454545454
120,78.0,79.0,3,3,0.5652173913043478
120,79.0,80.0,2,2,0.5454545454545454
120,80.0,81.0,3,3,0.5652173913043478
120,81.0,82.0,2,2,0.5454545454545454
120,82.0,83.0,1,1,0.5238095238095238
120,83.0,84.0,2,2,0.5454545454545454
120,85.0,86.0,1,2,0.5
120,86.0,87.0,1,1,0.5238095238095238
120,89.0,90.0,2,2,0.5454545454545454
120,90.0,91.0,1,1,0.5238095238095238
120,91.0,92.0,1,1,0.5238095238095238
120,92.0,93.0,1,1,0.5238095238095238
120,96.0,97.0,1,1,0.5238095238095238
120,97.0,98.0,2,2,0.5454545454545454
120,99.0,100.0,1,1,0.5238095238095238
120,104.0,105.0,1,1,0.5238095238095238
120,105.0,106.0,1,1,0.5238095238095238
120,106.0,107.0,1,1,0.5238095238095238
120,115.0,116.0,1,1,0.5238095238095238
120,116.0,117.0,1,1,0.5238095238095238
120,118.0,119.0,1,1,0.5238095238095238
120,121.0,122.0,1,1,0.5238095238095238
120,130.0,131.0,1,1,0.5238095238095238
120,142.0,143.0,1,1,0.5238095238095238
120,152.0,153.0,1,1,0.5238095238095238
120,171.0,172.0,1,1,0.5238095238095238
120,210.0,211.0,1,1,0.5238095238095238
120,251.0,252.0,1,1,0.5238095238095238
180,-377.0,-376.0,0,1,0.47619047619047616
180,-241.0,-240.0,0,1,0.47619047619047616
180,-198.0,-197.0,0,1,0.47619047619047616
180,-189.0,-188.0,1,1,0.5238095238095238
180,-172.0,-171.0,0,1,0.47619047619047616
180,-171.0,-170.0,0,1,0.47619047619047616
180,-163.0,-162.0,0,1,0.47619047619047616
180,-155.0,-154.0,0,1,0.47619047619047616
180,-153.0,-152.0,0,2,0.45454545454545453
180,-151.0,-150.0,0,1,0.47619047619047616
180,-145.0,-144.0,0,1,0.47619047619047616
180,-139.0,-138.0,0,1,0.47619047619047616
180,-132.0,-131.0,0,1,0.47619047619047616
180,-125.0,-124.0,0,1,0.47619047619047616
180,-123.0,-122.0,0,1,0.47619047619047616
180,-122.0,-121.0,1,2,0.5
180,-119.0,-118.0,0,1,0.47619047619047616
180,-116.0,-115.0,0,1,0.47619047619047616
180,-114.0,-113.0,0,1,0.47619047619047616
180,-111.0,-110.0,0,1,0.47619047619047616
180,-110.0,-109.0,0,1,0.47619047619047616
180,-108.0,-107.0,0,2,0.45454545454545453
180,-107.0,-106.0,0,1,0.47619047619047616
180,-103.0,-102.0,0,1,0.47619047619047616
180,-96.0,-95.0,0,2,0.45454545454545453
180,-95.0,-94.0,0,1,0.47619047619047616
180,-94.0,-93.0,0,1,0.47619047619047616
180,-93.0,-92.0,0,1,0.47619047619047616
180,-92.0,-91.0,0,2,0.45454545454545453
180,-91.0,-90.0,0,2,0.45454545454545453
180,-88.0,-87.0,0,2,0.45454545454545453
180,-87.0,-86.0,0,1,0.47619047619047616
180,-86.0,-85.0,0,1,0.47619047619047616
180,-85.0,-84.0,0,2,0.45454545454545453
180,-84.0,-83.0,1,2,0.5
180,-83.0,-82.0,0,1,0.47619047619047616
180,-81.0,-80.0,0,2,0.45454545454545453
180,-80.0,-79.0,0,4,0.4166666666666667
180,-79.0,-78.0,0,3,0.43478260869565216
180,-78.0,-77.0,0,3,0.43478260869565216
180,-77.0,-76.0,0,2,0.45454545454545453
180,-76.0,-75.0,0,2,0.45454545454545453
180,-75.0,-74.0,0,3,0.43478260869565216
180,-74.0,-73.0,0,1,0.47619047619047616
180,-73.0,-72.0,0,4,0.4166666666666667
180,-72.0,-71.0,0,7,0.37037037037037035
180,-71.0,-70.0,0,3,0.43478260869565216
180,-70.0,-69.0,0,3,0.43478260869565216
180,-69.0,-68.0,0,1,0.47619047619047616
180,-68.0,-67.0,0,6,0.38461538461538464
180,-67.0,-66.0,1,3,0.4782608695652174
180,-66.0,-65.0,0,3,0.43478260869565216
180,-65.0,-64.0,0,7,0.37037037037037035
180,-64.0,-63.0,0,3,0.43478260869565216
180,-63.0,-62.0,0,5,0.4
180,-62.0,-61.0,0,3,0.43478260869565216
180,-61.0,-60.0,0,6,0.38461538461538464
180,-60.0,-59.0,0,10,0.3333333333333333
180,-59.0,-58.0,0,6,0.38461538461538464
180,-58.0,-57.0,1,6,0.4230769230769231
180,-57.0,-56.0,0,6,0.38461538461538464
180,-56.0,-55.0,0,16,0.2777777777777778
180,-55.0,-54.0,0,9,0.3448275862068966
180,-54.0,-53.0,1,13,0.3333333333333333
180,-53.0,-52.0,0,14,0.29411764705882354
180,-52.0,-51.0,0,19,0.2564102564102564
180,-51.0,-50.0,0,20,0.25
180,-50.0,-49.0,0,12,0.3125
180,-49.0,-48.0,0,17,0.2702702702702703
180,-48.0,-47.0,1,20,0.275
180,-47.0,-46.0,0,14,0.29411764705882354
180,-46.0,-45.0,1,27,0.23404255319148937
180,-45.0,-44.0,0,34,0.18518518518518517
180,-44.0,-43.0,1,31,0.21568627450980393
180,-43.0,-42.0,0,39,0.1694915254237288
180,-42.0,-41.0,1,30,0.22
180,-41.0,-40.0,1,33,0.20754716981132076
180,-40.0,-39.0,1,38,0.1896551724137931
180,-39.0,-38.0,0,49,0.14492753623188406
180,-38.0,-37.0,1,42,0.1774193548387097
180,-37.0,-36.0,0,60,0.125
180,-36.0,-35.0,2,57,0.15584415584415584
180,-35.0,-34.0,2,81,0.1188118811881188
180,-34.0,-33.0,0,90,0.09090909090909091
180,-33.0,-32.0,2,83,0.11650485436893204
180,-32.0,-31.0,2,98,0.1016949152542373
180,-31.0,-30.0,0,105,0.08
180,-30.0,-29.0,4,124,0.09722222222222222
180,-29.0,-28.0,5,112,0.11363636363636363
180,-28.0,-27.0,3,129,0.087248322147651
180,-27.0,-26.0,5,159,0.08379888268156424
180,-26.0,-25.0,6,178,0.08080808080808081
180,-25.0,-24.0,10,197,0.09216589861751152
180,-24.0,-23.0,10,227,0.08097165991902834
180,-23.0,-22.0,10,276,0.06756756756756757
180,-22.0,-21.0,9,312,0.0572289156626506
180,-21.0,-20.0,16,365,0.06753246753246753
180,-20.0,-19.0,21,385,0.07654320987654321
180,-19.0,-18.0,20,458,0.06276150627615062
180,-18.0,-17.0,25,513,0.06566604127579738
180,-17.0,-16.0,27,592,0.06045751633986928
180,-16.0,-15.0,33,724,0.05779569892473118
180,-15.0,-14.0,43,835,0.06198830409356725
180,-14.0,-13.0,50,931,0.06309148264984227
180,-13.0,-12.0,65,1097,0.06714413607878246
180,-12.0,-11.0,103,1286,0.08652373660030628
180,-11.0,-10.0,125,1520,0.08766233766233766
180,-10.0,-9.0,171,1872,0.09566596194503171
180,-9.0,-8.0,199,2195,0.0943566591422122
180,-8.0,-7.0,272,2583,0.10833653476757588
180,-7.0,-6.0,429,3090,0.14115755627009646
180,-6.0,-5.0,559,3591,0.157574079202437
180,-5.0,-4.0,739,4143,0.1799183281287533
180,-4.0,-3.0,1066,4949,0.21654256389615617
180,-3.0,-2.0,1416,5416,0.2623252391464312
180,-2.0,-1.0,1991,6099,0.32701421800947866
180,-1.0,0.0,2833,6744,0.42031342400946187
180,0.0,1.0,4403,7297,0.6031160311603116
180,1.0,2.0,4006,5958,0.671796587487454
180,2.0,3.0,4020,5448,0.7370153621068032
180,3.0,4.0,3770,4783,0.7870081199250468
180,4.0,5.0,3382,4116,0.8201160541586073
180,5.0,6.0,3018,3568,0.8439241917502787
180,6.0,7.0,2691,3084,0.8701675257731959
180,7.0,8.0,2306,2590,0.8873563218390804
180,8.0,9.0,1916,2155,0.8855172413793103
180,9.0,10.0,1611,1782,0.8995560488346281
180,10.0,11.0,1500,1618,0.9218559218559218
180,11.0,12.0,1252,1337,0.9299926308032425
180,12.0,13.0,1034,1137,0.902333621434745
180,13.0,14.0,865,924,0.926906779661017
180,14.0,15.0,846,900,0.9304347826086956
180,15.0,16.0,652,691,0.9310829817158931
180,16.0,17.0,554,582,0.9368770764119602
180,17.0,18.0,478,508,0.9242424242424242
180,18.0,19.0,403,421,0.9365079365079365
180,19.0,20.0,384,400,0.9380952380952381
180,20.0,21.0,349,359,0.9472295514511874
180,21.0,22.0,277,289,0.9288025889967637
180,22.0,23.0,254,266,0.9230769230769231
180,23.0,24.0,225,234,0.9251968503937008
180,24.0,25.0,172,177,0.9238578680203046
180,25.0,26.0,178,181,0.9353233830845771
180,26.0,27.0,146,150,0.9176470588235294
180,27.0,28.0,133,138,0.9050632911392406
180,28.0,29.0,133,137,0.910828025477707
180,29.0,30.0,103,106,0.8968253968253969
180,30.0,31.0,94,95,0.9043478260869565
180,31.0,32.0,86,88,0.8888888888888888
180,32.0,33.0,85,85,0.9047619047619048
180,33.0,34.0,67,70,0.8555555555555555
180,34.0,35.0,59,61,0.8518518518518519
180,35.0,36.0,57,57,0.8701298701298701
180,36.0,37.0,58,59,0.8607594936708861
180,37.0,38.0,48,48,0.8529411764705882
180,38.0,39.0,42,43,0.8253968253968254
180,39.0,40.0,57,57,0.8701298701298701
180,40.0,41.0,38,38,0.8275862068965517
180,41.0,42.0,36,37,0.8070175438596491
180,42.0,43.0,33,34,0.7962962962962963
180,43.0,44.0,35,36,0.8035714285714286
180,44.0,45.0,26,28,0.75
180,45.0,46.0,20,21,0.7317073170731707
180,46.0,47.0,21,21,0.7560975609756098
180,47.0,48.0,22,22,0.7619047619047619
180,48.0,49.0,24,25,0.7555555555555555
180,49.0,50.0,16,16,0.7222222222222222
180,50.0,51.0,19,19,0.7435897435897436
180,51.0,52.0,8,8,0.6428571428571429
180,52.0,53.0,13,13,0.696969696969697
180,53.0,54.0,13,13,0.696969696969697
180,54.0,55.0,12,12,0.6875
180,55.0,56.0,10,10,0.6666666666666666
180,56.0,57.0,9,9,0.6551724137931034
180,57.0,58.0,9,9,0.6551724137931034
180,58.0,59.0,18,18,0.7368421052631579
180,59.0,60.0,8,8,0.6428571428571429
180,60.0,61.0,6,6,0.6153846153846154
180,61.0,62.0,5,5,0.6
180,62.0,63.0,7,7,0.6296296296296297
180,63.0,64.0,3,3,0.5652173913043478
180,64.0,65.0,7,7,0.6296296296296297
180,65.0,66.0,5,5,0.6
180,66.0,67.0,3,3,0.5652173913043478
180,67.0,68.0,4,4,0.5833333333333334
180,68.0,69.0,1,1,0.5238095238095238
180,69.0,70.0,6,7,0.5925925925925926
180,70.0,71.0,6,6,0.6153846153846154
180,71.0,72.0,3,3,0.5652173913043478
180,72.0,73.0,4,4,0.5833333333333334
180,73.0,74.0,5,5,0.6
180,74.0,75.0,2,2,0.5454545454545454
180,75.0,76.0,2,2,0.5454545454545454
180,77.0,78.0,1,1,0.5238095238095238
180,78.0,79.0,5,5,0.6
180,79.0,80.0,3,3,0.5652173913043478
180,80.0,81.0,1,1,0.5238095238095238
180,81.0,82.0,2,2,0.5454545454545454
180,82.0,83.0,1,1,0.5238095238095238
180,83.0,84.0,3,3,0.5652173913043478
180,84.0,85.0,2,2,0.5454545454545454
180,85.0,86.0,2,2,0.5454545454545454
180,86.0,87.0,2,2,0.5454545454545454
180,87.0,88.0,2,2,0.5454545454545454
180,88.0,89.0,1,1,0.5238095238095238
180,90.0,91.0,1,1,0.5238095238095238
180,92.0,93.0,3,3,0.5652173913043478
180,93.0,94.0,4,4,0.5833333333333334
180,96.0,97.0,2,2,0.5454545454545454
180,98.0,99.0,1,1,0.5238095238095238
180,99.0,100.0,2,2,0.5454545454545454
180,101.0,102.0,2,2,0.5454545454545454
180,103.0,104.0,1,1,0.5238095238095238
180,104.0,105.0,1,1,0.5238095238095238
180,106.0,107.0,3,3,0.5652173913043478
180,108.0,109.0,1,1,0.5238095238095238
180,109.0,110.0,1,1,0.5238095238095238
180,111.0,112.0,1,1,0.5238095238095238
180,113.0,114.0,1,1,0.5238095238095238
180,120.0,121.0,1,1,0.5238095238095238
180,121.0,122.0,1,1,0.5238095238095238
180,125.0,126.0,1,1,0.5238095238095238
180,129.0,130.0,1,1,0.5238095238095238
180,132.0,133.0,2,2,0.5454545454545454
180,133.0,134.0,1,1,0.5238095238095238
180,138.0,139.0,2,2,0.5454545454545454
180,145.0,146.0,1,1,0.5238095238095238
180,150.0,151.0,1,1,0.5238095238095238
180,165.0,166.0,1,1,0.5238095238095238
180,176.0,177.0,1,1,0.5238095238095238
180,180.0,181.0,1,1,0.5238095238095238
180,195.0,196.0,1,1,0.5238095238095238
180,207.0,208.0,1,1,0.5238095238095238
180,291.0,292.0,1,1,0.5238095238095238
240,-324.0,-323.0,0,1,0.47619047619047616
240,-231.0,-230.0,0,1,0.47619047619047616
240,-220.0,-219.0,0,1,0.47619047619047616
240,-217.0,-216.0,0,1,0.47619047619047616
240,-215.0,-214.0,0,1,0.47619047619047616
240,-211.0,-210.0,0,1,0.47619047619047616
240,-197.0,-196.0,0,1,0.47619047619047616
240,-194.0,-193.0,0,1,0.47619047619047616
240,-173.0,-172.0,0,1,0.47619047619047616
240,-170.0,-169.0,0,1,0.47619047619047616
240,-164.0,-163.0,0,1,0.47619047619047616
240,-161.0,-160.0,0,1,0.47619047619047616
240,-149.0,-148.0,0,1,0.47619047619047616
240,-148.0,-147.0,0,1,0.47619047619047616
240,-142.0,-141.0,0,1,0.47619047619047616
240,-141.0,-140.0,0,1,0.47619047619047616
240,-139.0,-138.0,0,1,0.47619047619047616
240,-133.0,-132.0,0,1,0.47619047619047616
240,-128.0,-127.0,0,1,0.47619047619047616
240,-126.0,-125.0,0,2,0.45454545454545453
240,-120.0,-119.0,0,1,0.47619047619047616
240,-118.0,-117.0,0,1,0.47619047619047616
240,-117.0,-116.0,0,1,0.47619047619047616
240,-114.0,-113.0,0,1,0.47619047619047616
240,-112.0,-111.0,0,1,0.47619047619047616
240,-111.0,-110.0,0,1,0.47619047619047616
240,-109.0,-108.0,0,1,0.47619047619047616
240,-108.0,-107.0,0,2,0.45454545454545453
240,-106.0,-105.0,0,2,0.45454545454545453
240,-105.0,-104.0,0,1,0.47619047619047616
240,-104.0,-103.0,0,3,0.43478260869565216
240,-103.0,-102.0,0,1,0.47619047619047616
240,-102.0,-101.0,0,2,0.45454545454545453
240,-101.0,-100.0,0,3,0.43478260869565216
240,-100.0,-99.0,0,1,0.47619047619047616
240,-99.0,-98.0,0,1,0.47619047619047616
240,-98.0,-97.0,0,1,0.47619047619047616
240,-97.0,-96.0,0,1,0.47619047619047616
240,-94.0,-93.0,0,1,0.47619047619047616
240,-93.0,-92.0,0,3,0.43478260869565216
240,-92.0,-91.0,1,1,0.5238095238095238
240,-90.0,-89.0,0,2,0.45454545454545453
240,-89.0,-88.0,0,1,0.47619047619047616
240,-88.0,-87.0,0,1,0.47619047619047616
240,-87.0,-86.0,0,1,0.47619047619047616
240,-86.0,-85.0,0,4,0.4166666666666667
240,-85.0,-84.0,0,3,0.43478260869565216
240,-84.0,-83.0,0,2,0.45454545454545453
240,-83.0,-82.0,0,1,0.47619047619047616
240,-82.0,-81.0,0,3,0.43478260869565216
240,-81.0,-80.0,0,2,0.45454545454545453
240,-80.0,-79.0,0,3,0.43478260869565216
240,-79.0,-78.0,0,7,0.37037037037037035
240,-78.0,-77.0,0,5,0.4
240,-77.0,-76.0,0,5,0.4
240,-76.0,-75.0,0,4,0.4166666666666667
240,-75.0,-74.0,0,2,0.45454545454545453
240,-74.0,-73.0,0,5,0.4
240,-73.0,-72.0,0,4,0.4166666666666667
240,-72.0,-71.0,0,6,0.38461538461538464
240,-71.0,-70.0,0,2,0.45454545454545453
240,-70.0,-69.0,0,4,0.4166666666666667
240,-69.0,-68.0,0,3,0.43478260869565216
240,-68.0,-67.0,0,6,0.38461538461538464
240,-67.0,-66.0,0,4,0.4166666666666667
240,-66.0,-65.0,0,7,0.37037037037037035
240,-65.0,-64.0,0,15,0.2857142857142857
240,-64.0,-63.0,0,10,0.3333333333333333
240,-63.0,-62.0,0,7,0.37037037037037035
240,-62.0,-61.0,0,6,0.38461538461538464
240,-61.0,-60.0,0,8,0.35714285714285715
240,-60.0,-59.0,0,13,0.30303030303030304
240,-59.0,-58.0,0,17,0.2702702702702703
240,-58.0,-57.0,0,12,0.3125
240,-57.0,-56.0,0,16,0.2777777777777778
240,-56.0,-55.0,0,15,0.2857142857142857
240,-55.0,-54.0,1,12,0.34375
240,-54.0,-53.0,1,28,0.22916666666666666
240,-53.0,-52.0,2,18,0.3157894736842105
240,-52.0,-51.0,0,16,0.2777777777777778
240,-51.0,-50.0,0,25,0.2222222222222222
240,-50.0,-49.0,0,18,0.2631578947368421
240,-49.0,-48.0,0,24,0.22727272727272727
240,-48.0,-47.0,0,27,0.2127659574468085
240,-47.0,-46.0,0,30,0.2
240,-46.0,-45.0,0,39,0.1694915254237288
240,-45.0,-44.0,0,40,0.16666666666666666
240,-44.0,-43.0,0,48,0.14705882352941177
240,-43.0,-42.0,0,50,0.14285714285714285
240,-42.0,-41.0,0,37,0.17543859649122806
240,-41.0,-40.0,0,47,0.14925373134328357
240,-40.0,-39.0,0,62,0.12195121951219512
240,-39.0,-38.0,0,64,0.11904761904761904
240,-38.0,-37.0,0,78,0.10204081632653061
240,-37.0,-36.0,0,81,0.09900990099009901
240,-36.0,-35.0,0,94,0.08771929824561403
240,-35.0,-34.0,0,95,0.08695652173913043
240,-34.0,-33.0,0,110,0.07692307692307693
240,-33.0,-32.0,1,118,0.07971014492753623
240,-32.0,-31.0,1,152,0.06395348837209303
240,-31.0,-30.0,0,143,0.06134969325153374
240,-30.0,-29.0,0,159,0.055865921787709494
240,-29.0,-28.0,3,167,0.06951871657754011
240,-28.0,-27.0,2,173,0.06217616580310881
240,-27.0,-26.0,2,188,0.057692307692307696
240,-26.0,-25.0,5,224,0.06147540983606557
240,-25.0,-24.0,5,264,0.0528169014084507
240,-24.0,-23.0,3,315,0.03880597014925373
240,-23.0,-22.0,4,316,0.041666666666666664
240,-22.0,-21.0,4,363,0.03655352480417755
240,-21.0,-20.0,6,457,0.033542976939203356
240,-20.0,-19.0,7,487,0.03353057199211045
240,-19.0,-18.0,7,561,0.029259896729776247
240,-18.0,-17.0,4,567,0.02385008517887564
240,-17.0,-16.0,10,727,0.02677376171352075
240,-16.0,-15.0,8,847,0.020761245674740483
240,-15.0,-14.0,14,950,0.024742268041237112
240,-14.0,-13.0,23,1074,0.03016453382084095
240,-13.0,-12.0,32,1270,0.03255813953488372
240,-12.0,-11.0,28,1497,0.025049439683586024
240,-11.0,-10.0,66,1684,0.04460093896713615
240,-10.0,-9.0,61,1989,0.0353409656545545
240,-9.0,-8.0,88,2227,0.04361370716510903
240,-8.0,-7.0,116,2543,0.049161139289894656
240,-7.0,-6.0,181,3091,0.061395049823207974
240,-6.0,-5.0,254,3526,0.07445008460236886
240,-5.0,-4.0,381,4053,0.0959980358458139
240,-4.0,-3.0,603,4549,0.13416502516962137
240,-3.0,-2.0,912,5043,0.18210547106458622
240,-2.0,-1.0,1454,5439,0.26818098552848507
240,-1.0,0.0,2160,5869,0.3684836135167261
240,0.0,1.0,3977,6148,0.6464007782101168
240,1.0,2.0,4158,5558,0.7472212262459663
240,2.0,3.0,4129,5028,0.8199286846275753
240,3.0,4.0,3830,4438,0.8613728129205922
240,4.0,5.0,3483,3850,0.9025839793281654
240,5.0,6.0,3266,3548,0.9181614349775785
240,6.0,7.0,2758,2949,0.9323004378578647
240,7.0,8.0,2556,2693,0.9458164393660154
240,8.0,9.0,2188,2288,0.9523396880415944
240,9.0,10.0,1991,2042,0.9704170708050437
240,10.0,11.0,1675,1723,0.9667240390131956
240,11.0,12.0,1368,1394,0.9745403111739745
240,12.0,13.0,1309,1342,0.9684287812041116
240,13.0,14.0,1096,1116,0.9735915492957746
240,14.0,15.0,915,938,0.965553235908142
240,15.0,16.0,790,799,0.9768009768009768
240,16.0,17.0,678,690,0.9690140845070423
240,17.0,18.0,573,582,0.96843853820598
240,18.0,19.0,600,606,0.9744408945686901
240,19.0,20.0,457,461,0.9708939708939709
240,20.0,21.0,429,432,0.9712389380530974
240,21.0,22.0,351,354,0.9652406417112299
240,22.0,23.0,330,334,0.96045197740113
240,23.0,24.0,286,287,0.9641693811074918
240,24.0,25.0,260,263,0.9540636042402827
240,25.0,26.0,226,229,0.9477911646586346
240,26.0,27.0,187,187,0.9516908212560387
240,27.0,28.0,190,193,0.9389671361502347
240,28.0,29.0,171,171,0.9476439790575916
240,29.0,30.0,158,158,0.9438202247191011
240,30.0,31.0,120,121,0.9219858156028369
240,31.0,32.0,155,155,0.9428571428571428
240,32.0,33.0,97,98,0.9067796610169492
240,33.0,34.0,91,91,0.9099099099099099
240,34.0,35.0,78,78,0.8979591836734694
240,35.0,36.0,79,80,0.89
240,36.0,37.0,74,75,0.8842105263157894
240,37.0,38.0,65,65,0.8823529411764706
240,38.0,39.0,61,61,0.8765432098765432
240,39.0,40.0,70,70,0.8888888888888888
240,40.0,41.0,61,61,0.8765432098765432
240,41.0,42.0,47,48,0.8382352941176471
240,42.0,43.0,44,46,0.8181818181818182
240,43.0,44.0,38,38,0.8275862068965517
240,44.0,45.0,40,40,0.8333333333333334
240,45.0,46.0,33,33,0.8113207547169812
240,46.0,47.0,30,30,0.8
240,47.0,48.0,26,27,0.7659574468085106
240,48.0,49.0,31,32,0.7884615384615384
240,49.0,50.0,26,26,0.782608695652174
240,50.0,51.0,22,22,0.7619047619047619
240,51.0,52.0,28,28,0.7916666666666666
240,52.0,53.0,22,22,0.7619047619047619
240,53.0,54.0,20,20,0.75
240,54.0,55.0,13,13,0.696969696969697
240,55.0,56.0,17,17,0.7297297297297297
240,56.0,57.0,17,17,0.7297297297297297
240,57.0,58.0,17,17,0.7297297297297297
240,58.0,59.0,8,8,0.6428571428571429
240,59.0,60.0,15,15,0.7142857142857143
240,60.0,61.0,16,16,0.7222222222222222
240,61.0,62.0,12,12,0.6875
240,62.0,63.0,11,11,0.6774193548387096
240,63.0,64.0,13,13,0.696969696969697
240,64.0,65.0,11,11,0.6774193548387096
240,65.0,66.0,9,9,0.6551724137931034
240,66.0,67.0,12,12,0.6875
240,67.0,68.0,5,5,0.6
240,68.0,69.0,5,5,0.6
240,69.0,70.0,4,4,0.5833333333333334
240,70.0,71.0,9,9,0.6551724137931034
240,71.0,72.0,6,6,0.6153846153846154
240,72.0,73.0,8,8,0.6428571428571429
240,73.0,74.0,5,5,0.6
240,74.0,75.0,7,7,0.6296296296296297
240,75.0,76.0,5,5,0.6
240,76.0,77.0,6,6,0.6153846153846154
240,77.0,78.0,7,7,0.6296296296296297
240,78.0,79.0,1,1,0.5238095238095238
240,79.0,80.0,5,5,0.6
240,80.0,81.0,6,6,0.6153846153846154
240,81.0,82.0,2,2,0.5454545454545454
240,82.0,83.0,2,2,0.5454545454545454
240,83.0,84.0,2,2,0.5454545454545454
240,84.0,85.0,3,3,0.5652173913043478
240,85.0,86.0,6,6,0.6153846153846154
240,87.0,88.0,5,5,0.6
240,88.0,89.0,3,3,0.5652173913043478
240,89.0,90.0,1,1,0.5238095238095238
240,90.0,91.0,6,6,0.6153846153846154
240,91.0,92.0,1,1,0.5238095238095238
240,92.0,93.0,4,4,0.5833333333333334
240,93.0,94.0,1,1,0.5238095238095238
240,94.0,95.0,2,2,0.5454545454545454
240,95.0,96.0,2,2,0.5454545454545454
240,99.0,100.0,1,1,0.5238095238095238
240,101.0,102.0,1,1,0.5238095238095238
240,102.0,103.0,1,1,0.5238095238095238
240,103.0,104.0,1,1,0.5238095238095238
240,104.0,105.0,1,1,0.5238095238095238
240,106.0,107.0,1,1,0.5238095238095238
240,107.0,108.0,1,1,0.5238095238095238
240,109.0,110.0,1,1,0.5238095238095238
240,115.0,116.0,1,1,0.5238095238095238
240,120.0,121.0,1,1,0.5238095238095238
240,121.0,122.0,1,1,0.5238095238095238
240,122.0,123.0,3,3,0.5652173913043478
240,123.0,124.0,4,4,0.5833333333333334
240,129.0,130.0,2,2,0.5454545454545454
240,132.0,133.0,1,1,0.5238095238095238
240,134.0,135.0,1,1,0.5238095238095238
240,136.0,137.0,2,2,0.5454545454545454
240,138.0,139.0,1,1,0.5238095238095238
240,139.0,140.0,1,1,0.5238095238095238
240,140.0,141.0,1,1,0.5238095238095238
240,142.0,143.0,1,1,0.5238095238095238
240,149.0,150.0,1,1,0.5238095238095238
240,151.0,152.0,1,1,0.5238095238095238
240,152.0,153.0,1,1,0.5238095238095238
240,159.0,160.0,1,1,0.5238095238095238
240,170.0,171.0,1,1,0.5238095238095238
240,174.0,175.0,1,1,0.5238095238095238
240,178.0,179.0,1,1,0.5238095238095238
240,184.0,185.0,1,1,0.5238095238095238
240,197.0,198.0,1,1,0.5238095238095238
240,206.0,207.0,1,1,0.5238095238095238
240,211.0,212.0,1,1,0.5238095238095238
240,227.0,228.0,1,1,0.5238095238095238
240,239.0,240.0,1,1,0.5238095238095238
240,318.0,319.0,1,1,0.5238095238095238
